{
    "forcing_file":"./forcings/cat58_01Dec2015.csv",
    "catchment_area_km2":15.617,
    "alpha_fc":0.33,
    "soil_params":{
                   "depth":2.0,
                   "bb":4.05,
                   "mult":1000.0,
                   "satdk":0.00000338,
                   "satpsi":0.355,
                   "slop":0.01,
                   "smcmax":0.439,
                   "wltsmc":0.066,
                   "D":2.0
                   },
    "max_gw_storage":1.0,
    "Cgw":0.01,
    "expon":6.0,
    "gw_storage":0.5,
    "soil_storage":0.667,
    "K_lf":0.01,
    "K_nash":0.03,
    "nash_storage":[0.0,0.0],
    "giuh_ordinates":[0.00010593332576406063,
 0.0004377518456757851,
 0.0009910318300409698,
 0.0017350690379135609,
 0.0026347316971041274,
 0.003655070610276801,
 0.004763265438234295,
 0.005929490500485192,
 0.007127252898552923,
 0.008333448252685147,
 0.009528259177613702,
 0.010694966264060204,
 0.011819712793943,
 0.012891248462689575,
 0.013900667911140328,
 0.014841153989835524,
 0.015707731905175448,
 0.01649703791717622,
 0.017207104603093524,
 0.017837163586938834,
 0.018387465884548263,
 0.018859119512761407,
 0.01925394368332393,
 0.019574338695659835,
 0.019823170521891004,
 0.020003669017256843,
 0.020119338671483997,
 0.02017388082877925,
 0.020171126336615806,
 0.020114977629537924,
 0.020009359308840204,
 0.01985817633854844,
 0.019665279039989225,
 0.019434434129472808,
 0.019169301104862514,
 0.01887341334610861,
 0.018550163351538595,
 0.01820279158540169,
 0.01783437846261881,
 0.017447839043773707,
 0.017045920057075302,
 0.016631198904371536,
 0.016206084345398445,
 0.015772818588434705,
 0.015333480546554808,
 0.014889990046900923,
 0.014444112805998124,
 0.013997466007298117,
 0.013551524338027478,
 0.013107626361210363,
 0.012666981115597761,
 0.012230674851324704,
 0.011799677822583617,
 0.01137485107058799,
 0.010956953140738822,
 0.010546646687320969,
 0.010144504927362567,
 0.009751017912594879,
 0.009366598594851285,
 0.008991588665832034,
 0.008626264157020239,
 0.008270840789739588,
 0.007925479068965218,
 0.007590289117599157,
 0.007265335250558708,
 0.006950640290251601,
 0.006646189626873509,
 0.006351935028504229,
 0.006067798207236701,
 0.005793674148583093,
 0.005529434212195564,
 0.005274929012543807,
 0.005029991088632203,
 0.004794437372138997,
 0.004568071463537799,
 0.004350685725836057,
 0.00414206320555168,
 0.003941979390461312,
 0.003750203813504628,
 0.003566501512029096,
 0.0033906343513183767,
 0.0032223622210734507,
 0.0030614441132159236,
 0.0029076390890639837,
 0.0027607071435987495,
 0.0026204099741971116,
 0.0024865116608603862,
 0.0023587792646198925,
 0.0022369833504538137,
 0.0021208984407066842,
 0.002010303404665861,
 0.001904981789619864,
 0.0018047220984029498,
 0.0017093180181197666,
 0.001618568604444282,
 0.001532278425598956,
 0.0014502576698437793,
 0.001372322220040697,
 0.0012982936986070353,
 0.0012279994859320524,
 0.0011612727151034958,
 0.0010979522455758757,
 0.0010378826182089135,
 0.0009809139939129911,
 0.0009269020779580372,
 0.0008757080318329038,
 0.0008271983743833666,
 0.00078124487380819,
 0.0007377244319537058,
 0.000696518962217627,
 0.0006575152622520466,
 0.0006206048825431857,
 0.0005856839918410955,
 0.0005526532403157753,
 0.0005214176212266132,
 0.0004918863318092364,
 0.00046397263400748453,
 0.0004375937156078284,
 0.0004126705522687843,
 0.00038912777087844237,
 0.0003668935146187052,
 0.00034589931006494864,
 0.0003260799366042639,
 0.0003073732984139046,
 0.00028972029920375784,
 0.000273064719892364,
 0.0002573530993549263,
 0.00024253461835365846,
 0.00022856098673551276,
 0.00021538633395957728,
 0.0002029671029960287,
 0.00019126194762032503,
 0.00018023163311010895,
 0.00016983894033791692,
 0.00016004857324011606,
 0.00015082706963135642,
 0.0001421427153241004,
 0.00013396546150437128,
 0.0001262668453076091,
 0.00011901991353233836,
 0.00011219914942414778,
 0.00010578040245815328,
 9.974082104457916e-05,
 9.405878807928118e-05,
 8.871385925886625e-05,
 8.36867040784687e-05,
 7.89590494291753e-05,
 7.451362571148005e-05,
 7.0334115380946e-05],
    "stand_alone":1,
    "forcing_file":"cat58_01Dec2015.csv",
    "unit_test":1,
    "compare_results_file":"test_compare.csv"
}
