{
    "forcing_file":"./G071_60_cleaned_2019.csv",
    "catchment_area_km2":10,
    "alpha_fc":0.33,
    "soil_params":{
                   "depth":2.0,
                   "bb":4.05,
                   "mult":1000.0,
                   "satdk":0.00000338,
                   "satpsi":0.355,
                   "slop":0.01,
                   "smcmax":0.439,
                   "wltsmc":0.066,
                   "D":2.0
                   },
    "max_gw_storage":16.0,
    "Cgw":0.01,
    "expon":6.0,
    "gw_storage":0.50,
    "soil_storage":0.667,
    "K_lf":0.01,
    "K_nash":0.03,
    "nash_storage":[0.0,0.0],
    "giuh_ordinates":[0.0019360513452498624,
 0.007398873862488217,
 0.014891356002882277,
 0.023051043434194562,
 0.030901177119147222,
 0.0378220231219086,
 0.043475621816876586,
 0.047729614281033166,
 0.050592490895735275,
 0.052162637062686486,
 0.05259016892746439,
 0.052049502097538614,
 0.05072045163563969,
 0.04877586526475167,
 0.04637410845246425,
 0.04365504817971393,
 0.04073847974024026,
 0.03772419346947625,
 0.034693084227810624,
 0.03170886971155353,
 0.02882011024823085,
 0.02606231901600373,
 0.02346002353595697,
 0.021028691989034332,
 0.0187764757386944,
 0.016705745929990492,
 0.014814420010722223,
 0.013097085701842856,
 0.011545937054221765,
 0.010151541084217824,
 0.00890345507578483,
 0.007790714712852316,
 0.006802212306386726,
 0.005926982898493956,
 0.005154414239024333,
 0.004474394730089869,
 0.0038774115485717226,
 0.0033546093673148705,
 0.0028978184499917213,
 0.002499559416672574,
 0.002153030674871557,
 0.0018520833814053993,
 0.0015911878342135311,
 0.001365394376835416,
 0.0011702912161083393,
 0.001001960989876208,
 0.0008569374604843055,
 0.0007321633368939141,
 0.0006249499299423706,
 0.0005329391095498765,
 0.0004540678489153634,
 0.00038653549972236025,
 0.00032877383616998956,
 0.0002794198275254623,
 0.0002372910432035679,
 0.00020136355639918863,
 0.0001707521881342888,
 0.00014469292003949156,
 0.00012252729868055605,
 0.00010368865467589893,
 8.768996456974005e-05,
 7.411319111410386e-05,
 6.25999472478605e-05,
 5.28433398538149e-05,
 4.4580860727795316e-05,
 3.758820366217327e-05,
 3.167389780760606e-05,
 2.6674658304527615e-05,
 2.2451365418537876e-05,
 1.8885592977690567e-05,
 1.58766157450086e-05,
 1.3338833449406509e-05,
 1.119955654953676e-05,
 9.39710544181724e-06,
 7.87918078145736e-06,
 6.601467906406949e-06,
 5.526443085639484e-06,
 4.622353503607379e-06,
 3.8623465905990286e-06,
 3.2237275613313314e-06,
 2.6873268765374904e-06,
 2.2369618369741e-06,
 1.8589786955732342e-06,
 1.5418635676330804e-06,
 1.2759120640083406e-06,
 1.052948998132995e-06,
 8.660907512856465e-07,
 7.0954394586366e-07,
 5.784349950016404e-07,
 4.686658876599608e-07,
 3.767922481087807e-07,
 2.999202923214922e-07,
 2.35619804137774e-07,
 1.8185068250857662e-07,
 1.369009775973907e-07,
 9.93346466068012e-08,
 6.794752741720458e-08,
 4.1730255959313175e-08,
 1.983704731230345e-08],
    "stand_alone":1,
    "unit_test":1,
    "compare_results_file":"G003_60_cleaned_2019.csv"
}
