{
    "forcing_file":"./G071_60_cleaned_preciprate_m_s_2001_2002.csv",
    "netrad_file":"./lm0104_test.csv",
    "catchment_area_km2":9.85,
    "alpha_fc":0.33,
    "soil_params":{
                   "depth":2.0,
                   "bb":4.90,
                   "mult":1000.0,
                   "satdk":0.000034667,
                   "satpsi":0.218,
                   "slop":0.0,
                   "smcmax":0.435,
                   "wltsmc":0.066,
                   "D":2.0
                   },
    "max_gw_storage":16.0,
    "Cgw":0.01,
    "expon":6.0,
    "gw_storage":0.50,
    "soil_storage":0.435,
    "K_lf":0.01,
    "K_nash":0.03,
    "nash_storage":[0.0,0.0],
    "giuh_ordinates":[0.20284741059184228,
 0.4146472691879432,
 0.2456405991271821,
 0.09642324483988486,
 0.031206330036722893,
 0.009235146216424595],
    "stand_alone":1,
    "unit_test":1,
    "compare_results_file":"G003_60_cleaned_updated_2001_2002.csv"
}
