{
    "forcing_file":"./G071_60_cleaned_2019.csv",
    "catchment_area_km2":10,
    "alpha_fc":0.33,
    "soil_params":{
                   "depth":2.0,
                   "bb":4.05,
                   "mult":1000.0,
                   "satdk":0.00000338,
                   "satpsi":0.355,
                   "slop":0.01,
                   "smcmax":0.439,
                   "wltsmc":0.066,
                   "D":2.0
                   },
    "max_gw_storage":16.0,
    "Cgw":0.01,
    "expon":6.0,
    "gw_storage":0.50,
    "soil_storage":0.667,
    "K_lf":0.01,
    "K_nash":0.03,
    "nash_storage":[0.0,0.0],
    "giuh_ordinates":[6.000765324368488e-05,
 0.0006243868788568978,
 0.0022222943776766153,
 0.005097983008922422,
 0.009193357193187942,
 0.014237641837127567,
 0.0198508375891752,
 0.02562868730399501,
 0.03120104831068525,
 0.036265490018698616,
 0.040601421831199073,
 0.04407059334330882,
 0.04660909676411052,
 0.048214879035758586,
 0.048933636643301935,
 0.048844988970428375,
 0.048050058351778856,
 0.046661021957457326,
 0.04479281328927776,
 0.042556903118177364,
 0.040056946091549535,
 0.03738600977766881,
 0.034625083327666256,
 0.03184257472310454,
 0.02909453525012055,
 0.026425387988429014,
 0.02386897747679707,
 0.021449796423820815,
 0.019184280172986828,
 0.01708208957004589,
 0.015147327653563492,
 0.013379655407690918,
 0.011775287160215137,
 0.01032785768585476,
 0.009029161324754434,
 0.007869769064641414,
 0.006839533120153344,
 0.005927990559442384,
 0.00512467838403897,
 0.0044193724962413574,
 0.003802262454143136,
 0.0032640730235726466,
 0.0027961424441706913,
 0.002390466147635123,
 0.002039713480573517,
 0.0017372238470238798,
 0.0014769876310368316,
 0.0012536163072245372,
 0.001062305305379225,
 0.0008987924649458421,
 0.0007593142919119528,
 0.0006405617069020954,
 0.0005396365394454243,
 0.00045400966923334415,
 0.00038148143032599974,
 0.00032014466873416897,
 0.0002683506683337409,
 0.0002246780262769418,
 0.00018790445951099682,
 0.00015698145222102158,
 0.00013101160441910187,
 0.00010922850979959557,
 9.097897243937286e-05,
 7.570736369540834e-05,
 6.294192009431414e-05,
 5.228278798738827e-05,
 4.3391629565571745e-05,
 3.598261616227468e-05,
 2.9814647592288482e-05,
 2.468464980405677e-05,
 2.0421816783499153e-05,
 1.688267602429061e-05,
 1.3946869683105938e-05,
 1.15135555791853e-05,
 9.498343362266152e-06,
 7.830691405648401e-06,
 6.451699268659995e-06,
 5.312238932422496e-06,
 4.371375483135275e-06,
 3.595034550563641e-06,
 2.954879666816757e-06,
 2.4273678567509994e-06,
 1.992956272392538e-06,
 1.6354366044316993e-06,
 1.3413774062020847e-06,
 1.0996574080350965e-06,
 9.010754366129185e-07,
 7.380247344993628e-07,
 6.042213443389409e-07,
 4.944778206587694e-07,
 4.045148958069676e-07,
 3.308048872430581e-07,
 2.704416193001361e-07,
 2.210324683408113e-07,
 1.8060884746915135e-07,
 1.4755204436498356e-07,
 1.2053182959374505e-07,
 9.845567691413657e-08,
 8.042679370314865e-08],
    "stand_alone":1,
    "unit_test":1,
    "compare_results_file":"G004_60_cleaned_2019.csv"
}
